TITLE,DESCRIPTION,TYPE,STATUS,PRICE,QUANTITY,TAGS,MATERIALS,IMAGE1
"Dark Academia Botanical Print - Vintage Apothecary Wall Art","Dark Academia Botanical Print - Vintage Apothecary Wall Art","physical","active",25.00,999,"digital art, print on demand, wall decor","print on demand",
"Cyberpunk Cityscape LED Desk Mat - Neo Tokyo Gaming Accessory","Cyberpunk Cityscape LED Desk Mat - Neo Tokyo Gaming Accessory","physical","active",25.00,999,"digital art, print on demand, wall decor","print on demand",
"Memento Mori Stoic Philosophy Coffee Tumbler","Memento Mori Stoic Philosophy Coffee Tumbler","physical","active",25.00,999,"digital art, print on demand, wall decor","print on demand",
"Dark Academia Botanical Print - Vintage Apothecary Wall Art","Dark Academia Botanical Print - Vintage Apothecary Wall Art","physical","active",25.00,999,"digital art, print on demand, wall decor","print on demand",
"Cyberpunk Cityscape LED Desk Mat - Neo Tokyo Gaming Accessory","Cyberpunk Cityscape LED Desk Mat - Neo Tokyo Gaming Accessory","physical","active",25.00,999,"digital art, print on demand, wall decor","print on demand",
"Memento Mori Stoic Philosophy Coffee Tumbler","Memento Mori Stoic Philosophy Coffee Tumbler","physical","active",25.00,999,"digital art, print on demand, wall decor","print on demand",
"Dark Academia Botanical Print - Vintage Apothecary Wall Art","Dark Academia Botanical Print - Vintage Apothecary Wall Art","physical","active",25.00,999,"digital art, print on demand, wall decor","print on demand",
"Cyberpunk Cityscape LED Desk Mat - Neo Tokyo Gaming Accessory","Cyberpunk Cityscape LED Desk Mat - Neo Tokyo Gaming Accessory","physical","active",25.00,999,"digital art, print on demand, wall decor","print on demand",
"Memento Mori Stoic Philosophy Coffee Tumbler","Memento Mori Stoic Philosophy Coffee Tumbler","physical","active",25.00,999,"digital art, print on demand, wall decor","print on demand",
"Dark Academia Botanical Print - Vintage Apothecary Wall Art","Dark Academia Botanical Print - Vintage Apothecary Wall Art","physical","active",25.00,999,"digital art, print on demand, wall decor","print on demand",
"Cyberpunk Cityscape LED Desk Mat - Neo Tokyo Gaming Accessory","Cyberpunk Cityscape LED Desk Mat - Neo Tokyo Gaming Accessory","physical","active",25.00,999,"digital art, print on demand, wall decor","print on demand",
"Memento Mori Stoic Philosophy Coffee Tumbler","Memento Mori Stoic Philosophy Coffee Tumbler","physical","active",25.00,999,"digital art, print on demand, wall decor","print on demand",
"Dark Academia Botanical Print - Vintage Apothecary Wall Art","Dark Academia Botanical Print - Vintage Apothecary Wall Art","physical","active",25.00,999,"digital art, print on demand, wall decor","print on demand",
"Cyberpunk Cityscape LED Desk Mat - Neo Tokyo Gaming Accessory","Cyberpunk Cityscape LED Desk Mat - Neo Tokyo Gaming Accessory","physical","active",25.00,999,"digital art, print on demand, wall decor","print on demand",
"Memento Mori Stoic Philosophy Coffee Tumbler","Memento Mori Stoic Philosophy Coffee Tumbler","physical","active",25.00,999,"digital art, print on demand, wall decor","print on demand",
"Dark Academia Botanical Print - Vintage Apothecary Wall Art","Dark Academia Botanical Print - Vintage Apothecary Wall Art","physical","active",25.00,999,"digital art, print on demand, wall decor","print on demand",
"Cyberpunk Cityscape LED Desk Mat - Neo Tokyo Gaming Accessory","Cyberpunk Cityscape LED Desk Mat - Neo Tokyo Gaming Accessory","physical","active",25.00,999,"digital art, print on demand, wall decor","print on demand",
"Memento Mori Stoic Philosophy Coffee Tumbler","Memento Mori Stoic Philosophy Coffee Tumbler","physical","active",25.00,999,"digital art, print on demand, wall decor","print on demand",
"Dark Academia Botanical Print - Vintage Apothecary Wall Art","Dark Academia Botanical Print - Vintage Apothecary Wall Art","physical","active",25.00,999,"digital art, print on demand, wall decor","print on demand",
"Cyberpunk Cityscape LED Desk Mat - Neo Tokyo Gaming Accessory","Cyberpunk Cityscape LED Desk Mat - Neo Tokyo Gaming Accessory","physical","active",25.00,999,"digital art, print on demand, wall decor","print on demand",
"Memento Mori Stoic Philosophy Coffee Tumbler","Memento Mori Stoic Philosophy Coffee Tumbler","physical","active",25.00,999,"digital art, print on demand, wall decor","print on demand",
"Dark Academia Botanical Print - Vintage Apothecary Wall Art","Dark Academia Botanical Print - Vintage Apothecary Wall Art","physical","active",25.00,999,"digital art, print on demand, wall decor","print on demand",
"Cyberpunk Cityscape LED Desk Mat - Neo Tokyo Gaming Accessory","Cyberpunk Cityscape LED Desk Mat - Neo Tokyo Gaming Accessory","physical","active",25.00,999,"digital art, print on demand, wall decor","print on demand",
"Memento Mori Stoic Philosophy Coffee Tumbler","Memento Mori Stoic Philosophy Coffee Tumbler","physical","active",25.00,999,"digital art, print on demand, wall decor","print on demand",
"Dark Academia Botanical Print - Vintage Apothecary Wall Art","Dark Academia Botanical Print - Vintage Apothecary Wall Art","physical","active",25.00,999,"digital art, print on demand, wall decor","print on demand",
"Cyberpunk Cityscape LED Desk Mat - Neo Tokyo Gaming Accessory","Cyberpunk Cityscape LED Desk Mat - Neo Tokyo Gaming Accessory","physical","active",25.00,999,"digital art, print on demand, wall decor","print on demand",
"Memento Mori Stoic Philosophy Coffee Tumbler","Memento Mori Stoic Philosophy Coffee Tumbler","physical","active",25.00,999,"digital art, print on demand, wall decor","print on demand",
"Dark Academia Botanical Print - Vintage Apothecary Wall Art","Dark Academia Botanical Print - Vintage Apothecary Wall Art","physical","active",25.00,999,"digital art, print on demand, wall decor","print on demand",
"Cyberpunk Cityscape LED Desk Mat - Neo Tokyo Gaming Accessory","Cyberpunk Cityscape LED Desk Mat - Neo Tokyo Gaming Accessory","physical","active",25.00,999,"digital art, print on demand, wall decor","print on demand",
"Memento Mori Stoic Philosophy Coffee Tumbler","Memento Mori Stoic Philosophy Coffee Tumbler","physical","active",25.00,999,"digital art, print on demand, wall decor","print on demand",
"Dark Academia Botanical Print - Vintage Apothecary Wall Art","Dark Academia Botanical Print - Vintage Apothecary Wall Art","physical","active",25.00,999,"digital art, print on demand, wall decor","print on demand",
"Cyberpunk Cityscape LED Desk Mat - Neo Tokyo Gaming Accessory","Cyberpunk Cityscape LED Desk Mat - Neo Tokyo Gaming Accessory","physical","active",25.00,999,"digital art, print on demand, wall decor","print on demand",
"Memento Mori Stoic Philosophy Coffee Tumbler","Memento Mori Stoic Philosophy Coffee Tumbler","physical","active",25.00,999,"digital art, print on demand, wall decor","print on demand",
"Dark Academia Botanical Print - Vintage Apothecary Wall Art","Dark Academia Botanical Print - Vintage Apothecary Wall Art","physical","active",25.00,999,"digital art, print on demand, wall decor","print on demand",
"Cyberpunk Cityscape LED Desk Mat - Neo Tokyo Gaming Accessory","Cyberpunk Cityscape LED Desk Mat - Neo Tokyo Gaming Accessory","physical","active",25.00,999,"digital art, print on demand, wall decor","print on demand",
"Memento Mori Stoic Philosophy Coffee Tumbler","Memento Mori Stoic Philosophy Coffee Tumbler","physical","active",25.00,999,"digital art, print on demand, wall decor","print on demand",
"Dark Academia Botanical Print - Vintage Apothecary Wall Art","Dark Academia Botanical Print - Vintage Apothecary Wall Art","physical","active",25.00,999,"digital art, print on demand, wall decor","print on demand",
"Cyberpunk Cityscape LED Desk Mat - Neo Tokyo Gaming Accessory","Cyberpunk Cityscape LED Desk Mat - Neo Tokyo Gaming Accessory","physical","active",25.00,999,"digital art, print on demand, wall decor","print on demand",
"Memento Mori Stoic Philosophy Coffee Tumbler","Memento Mori Stoic Philosophy Coffee Tumbler","physical","active",25.00,999,"digital art, print on demand, wall decor","print on demand",
"Dark Academia Botanical Print - Vintage Apothecary Wall Art","Dark Academia Botanical Print - Vintage Apothecary Wall Art","physical","active",25.00,999,"digital art, print on demand, wall decor","print on demand",
"Cyberpunk Cityscape LED Desk Mat - Neo Tokyo Gaming Accessory","Cyberpunk Cityscape LED Desk Mat - Neo Tokyo Gaming Accessory","physical","active",25.00,999,"digital art, print on demand, wall decor","print on demand",
"Memento Mori Stoic Philosophy Coffee Tumbler","Memento Mori Stoic Philosophy Coffee Tumbler","physical","active",25.00,999,"digital art, print on demand, wall decor","print on demand",
"Dark Academia Botanical Print - Vintage Apothecary Wall Art","Dark Academia Botanical Print - Vintage Apothecary Wall Art","physical","active",25.00,999,"digital art, print on demand, wall decor","print on demand",
"Cyberpunk Cityscape LED Desk Mat - Neo Tokyo Gaming Accessory","Cyberpunk Cityscape LED Desk Mat - Neo Tokyo Gaming Accessory","physical","active",25.00,999,"digital art, print on demand, wall decor","print on demand",
"Memento Mori Stoic Philosophy Coffee Tumbler","Memento Mori Stoic Philosophy Coffee Tumbler","physical","active",25.00,999,"digital art, print on demand, wall decor","print on demand",
"Dark Academia Botanical Print - Vintage Apothecary Wall Art","Dark Academia Botanical Print - Vintage Apothecary Wall Art","physical","active",25.00,999,"digital art, print on demand, wall decor","print on demand",
"Cyberpunk Cityscape LED Desk Mat - Neo Tokyo Gaming Accessory","Cyberpunk Cityscape LED Desk Mat - Neo Tokyo Gaming Accessory","physical","active",25.00,999,"digital art, print on demand, wall decor","print on demand",
"Memento Mori Stoic Philosophy Coffee Tumbler","Memento Mori Stoic Philosophy Coffee Tumbler","physical","active",25.00,999,"digital art, print on demand, wall decor","print on demand",
"Dark Academia Botanical Print - Vintage Apothecary Wall Art","Dark Academia Botanical Print - Vintage Apothecary Wall Art","physical","active",25.00,999,"digital art, print on demand, wall decor","print on demand",
"Cyberpunk Cityscape LED Desk Mat - Neo Tokyo Gaming Accessory","Cyberpunk Cityscape LED Desk Mat - Neo Tokyo Gaming Accessory","physical","active",25.00,999,"digital art, print on demand, wall decor","print on demand",